order_id,order_date,product_category,sales_amount,quantity,customer_id
ORD1000,2023-04-13,Electronics,355.73,4,1060
ORD1001,2024-03-11,Electronics,463.37,2,1030
ORD1002,2025-05-10,Books,98.48,1,1079
ORD1003,2023-09-28,Home Decor,288.29,3,1095
ORD1004,2023-04-17,Electronics,458.59,3,1021
ORD1005,2023-03-13,Clothing,26.63,2,1092
ORD1006,2024-12-01,Electronics,351.74,3,1085
ORD1007,2023-01-21,Clothing,155.7,3,1042
ORD1008,2024-09-06,Home Decor,462.95,2,1066
ORD1009,2023-05-02,Books,485.82,4,1053
ORD1010,2024-04-11,Electronics,472.69,4,1009
ORD1011,2023-08-03,Books,242.36,3,1041
ORD1012,2023-11-27,Electronics,432.4,4,1063
ORD1013,2024-04-03,Clothing,423.83,4,1020
ORD1014,2023-03-29,Books,166.36,3,1079
ORD1015,2024-01-08,Electronics,416.17,4,1075
ORD1016,2023-04-10,Clothing,28.13,3,1065
ORD1017,2025-05-21,Books,302.17,1,1040
ORD1018,2024-10-25,Books,122.7,2,1023
ORD1019,2023-05-11,Electronics,69.08,2,1034
ORD1020,2024-10-23,Electronics,47.71,4,1055
ORD1021,2023-11-05,Electronics,351.18,4,1029
ORD1022,2025-02-08,Clothing,176.54,4,1056
ORD1023,2023-12-10,Electronics,365.14,2,1093
ORD1024,2024-05-06,Books,42.02,1,1046
ORD1025,2024-02-18,Books,164.49,1,1034
ORD1026,2025-03-16,Electronics,274.35,2,1018
ORD1027,2024-01-21,Electronics,397.45,1,1007
ORD1028,2023-07-11,Home Decor,166.19,2,1025
ORD1029,2025-08-13,Books,316.69,1,1070
ORD1030,2023-10-04,Clothing,444.13,3,1029
ORD1031,2023-06-10,Home Decor,311.77,3,1006
ORD1032,2024-04-04,Electronics,124.15,2,1066
ORD1033,2023-11-10,Electronics,21.96,1,1064
ORD1034,2023-01-22,Books,436.35,4,1035
ORD1035,2023-09-10,Electronics,20.42,1,1024
ORD1036,2025-01-17,Clothing,438.6,3,1036
ORD1037,2025-05-06,Books,269.18,3,1000
ORD1038,2024-07-14,Electronics,470.14,1,1014
ORD1039,2024-04-19,Books,401.4,1,1036
ORD1040,2023-02-28,Electronics,498.99,4,1012
ORD1041,2024-05-25,Electronics,181.85,4,1007
ORD1042,2024-11-12,Electronics,385.92,1,1004
ORD1043,2024-04-20,Clothing,206.95,1,1059
ORD1044,2024-11-30,Clothing,245.14,1,1072
ORD1045,2025-09-02,Books,317.48,1,1000
ORD1046,2025-02-21,Electronics,438.1,2,1035
ORD1047,2023-07-09,Electronics,492.2,1,1034
ORD1048,2025-08-15,Clothing,386.45,4,1065
ORD1049,2024-11-17,Electronics,214.71,3,1062
ORD1050,2025-08-15,Clothing,216.46,2,1022
ORD1051,2024-07-16,Electronics,371.42,1,1008
ORD1052,2025-05-25,Books,127.0,3,1033
ORD1053,2024-07-20,Electronics,64.13,2,1045
ORD1054,2023-09-01,Electronics,183.76,3,1077
ORD1055,2025-04-11,Home Decor,150.75,1,1003
ORD1056,2024-05-19,Clothing,155.19,1,1029
ORD1057,2023-05-11,Electronics,124.47,4,1094
ORD1058,2024-04-29,Electronics,30.63,1,1074
ORD1059,2025-03-29,Home Decor,18.76,1,1098
ORD1060,2024-10-08,Home Decor,493.98,2,1071
ORD1061,2023-01-21,Clothing,219.61,4,1002
ORD1062,2025-04-20,Home Decor,198.32,2,1013
ORD1063,2023-06-16,Books,343.03,3,1059
ORD1064,2023-10-01,Home Decor,116.94,1,1076
ORD1065,2024-01-23,Books,475.48,3,1044
ORD1066,2024-08-23,Clothing,395.31,2,1095
ORD1067,2023-11-12,Clothing,53.81,1,1033
ORD1068,2023-01-14,Clothing,214.61,1,1044
ORD1069,2023-08-30,Clothing,440.77,2,1060
ORD1070,2025-02-15,Clothing,472.92,2,1082
ORD1071,2023-12-12,Books,239.03,2,1015
ORD1072,2024-07-18,Books,310.57,2,1065
ORD1073,2025-06-16,Clothing,91.85,2,1039
ORD1074,2023-12-06,Home Decor,495.67,1,1016
ORD1075,2023-04-02,Electronics,123.52,2,1033
ORD1076,2024-01-02,Clothing,471.94,1,1015
ORD1077,2025-08-13,Home Decor,328.33,1,1059
ORD1078,2024-03-30,Electronics,307.79,2,1065
ORD1079,2024-03-03,Clothing,261.22,2,1065
ORD1080,2024-05-23,Clothing,123.03,4,1089
ORD1081,2025-02-14,Books,96.5,1,1012
ORD1082,2025-07-31,Electronics,118.04,2,1055
ORD1083,2023-02-04,Electronics,101.35,2,1030
ORD1084,2023-07-25,Home Decor,392.0,2,1033
ORD1085,2023-03-22,Books,181.56,4,1038
ORD1086,2025-07-20,Books,38.34,4,1066
ORD1087,2024-07-15,Books,484.86,3,1007
ORD1088,2025-05-21,Books,443.06,1,1086
ORD1089,2024-01-23,Electronics,464.6,3,1077
ORD1090,2023-01-02,Electronics,497.5,2,1054
ORD1091,2024-01-25,Clothing,95.21,4,1026
ORD1092,2024-07-19,Clothing,204.16,4,1092
ORD1093,2023-04-16,Books,381.54,3,1052
ORD1094,2025-02-10,Books,351.05,4,1038
ORD1095,2025-04-01,Books,85.41,2,1064
ORD1096,2024-04-21,Clothing,409.76,4,1016
ORD1097,2024-12-03,Home Decor,119.98,3,1029
ORD1098,2024-02-06,Home Decor,119.67,2,1052
ORD1099,2024-12-30,Clothing,273.12,3,1012
ORD1100,2024-07-09,Clothing,300.54,4,1020
ORD1101,2023-06-11,Clothing,294.24,3,1018
ORD1102,2023-07-21,Clothing,54.83,3,1052
ORD1103,2025-08-15,Clothing,439.96,1,1018
ORD1104,2025-09-22,Clothing,140.14,4,1056
ORD1105,2023-09-27,Books,73.46,4,1024
ORD1106,2025-05-12,Books,445.49,3,1085
ORD1107,2025-03-26,Books,478.27,1,1030
ORD1108,2023-09-28,Books,432.44,4,1080
ORD1109,2024-03-31,Clothing,406.66,2,1054
ORD1110,2024-04-06,Home Decor,331.07,3,1022
ORD1111,2024-12-27,Electronics,279.92,4,1031
ORD1112,2023-09-09,Clothing,52.62,2,1061
ORD1113,2024-12-02,Electronics,210.14,4,1073
ORD1114,2023-10-23,Home Decor,192.62,2,1009
ORD1115,2024-12-25,Books,137.28,3,1099
ORD1116,2024-12-20,Home Decor,364.48,4,1071
ORD1117,2025-01-18,Clothing,252.98,4,1053
ORD1118,2023-12-04,Books,49.71,1,1051
ORD1119,2025-05-28,Clothing,117.89,3,1019
ORD1120,2023-02-22,Books,344.8,2,1031
ORD1121,2025-03-02,Electronics,47.3,4,1013
ORD1122,2025-07-10,Electronics,427.09,4,1049
ORD1123,2023-08-05,Electronics,252.62,2,1027
ORD1124,2025-02-02,Home Decor,245.49,3,1052
ORD1125,2023-07-07,Clothing,300.28,1,1023
ORD1126,2024-01-15,Home Decor,414.09,1,1078
ORD1127,2024-05-07,Electronics,180.43,4,1021
ORD1128,2023-02-10,Clothing,342.23,2,1029
ORD1129,2023-06-06,Electronics,287.21,4,1062
ORD1130,2023-01-15,Home Decor,140.84,2,1003
ORD1131,2025-03-23,Home Decor,440.53,1,1076
ORD1132,2023-03-06,Home Decor,400.74,3,1058
ORD1133,2025-05-06,Electronics,332.64,2,1086
ORD1134,2025-04-18,Clothing,426.79,1,1007
ORD1135,2024-06-04,Clothing,434.97,4,1081
ORD1136,2023-12-10,Electronics,357.1,2,1011
ORD1137,2023-05-09,Clothing,420.14,3,1030
ORD1138,2024-10-09,Electronics,351.76,4,1077
ORD1139,2024-04-16,Clothing,343.27,4,1033
ORD1140,2023-03-04,Books,313.12,1,1081
ORD1141,2023-05-19,Books,378.83,2,1097
ORD1142,2024-05-13,Home Decor,87.72,4,1074
ORD1143,2024-08-15,Books,441.63,3,1075
ORD1144,2024-01-27,Books,437.2,2,1048
ORD1145,2024-11-05,Books,24.33,3,1078
ORD1146,2024-02-23,Electronics,414.65,4,1056
ORD1147,2023-10-16,Books,73.15,3,1094
ORD1148,2024-01-14,Books,174.21,1,1092
ORD1149,2025-02-11,Home Decor,374.32,3,1025
ORD1150,2024-05-04,Books,88.77,2,1017
ORD1151,2023-08-19,Books,410.8,3,1095
ORD1152,2023-02-10,Clothing,417.75,3,1085
ORD1153,2023-01-28,Home Decor,258.66,1,1037
ORD1154,2023-05-15,Home Decor,13.13,3,1080
ORD1155,2023-07-20,Home Decor,150.65,3,1086
ORD1156,2025-04-19,Home Decor,312.29,4,1087
ORD1157,2025-02-18,Home Decor,490.78,4,1049
ORD1158,2025-07-18,Home Decor,319.59,2,1007
ORD1159,2023-02-02,Electronics,137.3,4,1040
ORD1160,2023-02-17,Books,320.66,4,1005
ORD1161,2024-05-17,Home Decor,274.59,4,1068
ORD1162,2024-02-11,Books,392.12,4,1043
ORD1163,2024-07-27,Books,62.42,1,1063
ORD1164,2024-12-28,Electronics,382.9,4,1028
ORD1165,2025-03-15,Home Decor,275.22,1,1027
ORD1166,2023-04-09,Clothing,481.87,1,1010
ORD1167,2024-11-14,Electronics,177.52,4,1064
ORD1168,2025-05-21,Clothing,319.98,3,1018
ORD1169,2024-12-26,Books,466.69,1,1008
ORD1170,2025-09-13,Books,60.23,3,1026
ORD1171,2024-06-30,Electronics,469.24,3,1033
ORD1172,2025-08-18,Electronics,347.06,4,1043
ORD1173,2025-01-08,Clothing,43.24,2,1067
ORD1174,2024-09-04,Home Decor,157.47,4,1099
ORD1175,2025-07-31,Clothing,357.0,2,1081
ORD1176,2024-04-06,Electronics,43.0,2,1014
ORD1177,2024-10-04,Clothing,295.26,4,1050
ORD1178,2025-02-07,Electronics,179.48,4,1012
ORD1179,2023-01-05,Clothing,314.25,2,1082
ORD1180,2023-08-06,Electronics,32.41,4,1048
ORD1181,2024-05-17,Electronics,437.05,2,1069
ORD1182,2025-02-05,Electronics,487.01,3,1055
ORD1183,2024-02-02,Home Decor,484.75,4,1075
ORD1184,2025-05-20,Clothing,377.33,3,1050
ORD1185,2025-03-05,Clothing,73.74,1,1036
ORD1186,2024-01-28,Clothing,381.55,3,1016
ORD1187,2023-07-26,Electronics,22.05,3,1057
ORD1188,2023-01-15,Clothing,20.84,2,1086
ORD1189,2025-05-07,Clothing,168.57,3,1089
ORD1190,2024-07-07,Electronics,249.44,4,1028
ORD1191,2025-06-10,Books,387.5,2,1032
ORD1192,2024-04-05,Electronics,344.81,1,1059
ORD1193,2024-11-21,Clothing,228.49,4,1090
ORD1194,2024-07-28,Electronics,144.08,1,1088
ORD1195,2025-05-13,Books,498.59,3,1054
ORD1196,2025-01-12,Electronics,218.83,4,1009
ORD1197,2023-08-29,Clothing,231.18,4,1046
ORD1198,2024-07-17,Books,90.18,1,1022
ORD1199,2023-04-06,Home Decor,399.46,4,1084
ORD1200,2025-06-18,Clothing,349.9,4,1020
ORD1201,2025-01-03,Books,118.18,4,1012
ORD1202,2024-04-29,Books,50.37,3,1032
ORD1203,2024-02-11,Home Decor,343.44,1,1023
ORD1204,2023-08-19,Electronics,330.71,4,1010
ORD1205,2025-01-18,Electronics,143.9,2,1016
ORD1206,2024-10-16,Clothing,475.92,2,1067
ORD1207,2023-06-20,Home Decor,84.02,2,1046
ORD1208,2024-06-24,Electronics,221.84,2,1024
ORD1209,2023-02-05,Home Decor,472.37,3,1093
ORD1210,2024-06-08,Electronics,215.67,4,1072
ORD1211,2023-06-09,Books,322.88,1,1020
ORD1212,2025-04-18,Electronics,204.82,4,1083
ORD1213,2024-11-29,Home Decor,144.37,3,1082
ORD1214,2023-08-31,Books,492.15,2,1082
ORD1215,2023-03-27,Books,210.57,3,1011
ORD1216,2025-03-06,Books,448.11,4,1036
ORD1217,2024-07-31,Home Decor,122.68,1,1041
ORD1218,2024-11-12,Clothing,114.42,3,1016
ORD1219,2024-07-10,Clothing,25.26,1,1047
ORD1220,2024-07-27,Clothing,329.32,3,1027
ORD1221,2025-08-10,Home Decor,190.58,1,1040
ORD1222,2024-10-07,Books,433.54,1,1098
ORD1223,2025-03-06,Clothing,241.87,2,1046
ORD1224,2023-01-28,Home Decor,484.41,1,1017
ORD1225,2024-09-11,Clothing,100.91,2,1077
ORD1226,2024-07-09,Electronics,435.63,4,1098
ORD1227,2023-12-06,Clothing,390.53,4,1070
ORD1228,2025-03-08,Clothing,387.75,2,1012
ORD1229,2025-08-15,Books,423.94,2,1081
ORD1230,2023-11-27,Home Decor,382.9,3,1012
ORD1231,2024-10-01,Books,316.85,3,1099
ORD1232,2024-05-20,Books,74.31,3,1030
ORD1233,2023-12-14,Books,25.94,4,1001
ORD1234,2024-04-17,Books,461.22,3,1015
ORD1235,2023-08-19,Books,312.16,1,1008
ORD1236,2023-07-09,Clothing,400.3,1,1072
ORD1237,2023-08-13,Books,245.95,3,1037
ORD1238,2024-01-20,Books,67.48,1,1074
ORD1239,2024-01-12,Home Decor,71.34,4,1053
ORD1240,2023-10-10,Electronics,345.93,1,1055
ORD1241,2025-08-15,Clothing,220.85,4,1085
ORD1242,2024-09-24,Clothing,108.26,2,1096
ORD1243,2024-09-19,Clothing,250.88,2,1099
ORD1244,2025-08-30,Books,41.46,2,1086
ORD1245,2025-01-14,Books,295.17,2,1044
ORD1246,2023-09-16,Books,141.81,1,1033
ORD1247,2023-12-25,Home Decor,400.8,3,1008
ORD1248,2024-12-10,Electronics,162.08,1,1087
ORD1249,2024-03-31,Books,233.06,4,1007
ORD1250,2024-02-15,Electronics,15.69,1,1006
ORD1251,2024-10-10,Home Decor,45.5,1,1035
ORD1252,2023-11-14,Clothing,202.32,4,1017
ORD1253,2024-11-07,Books,245.17,2,1002
ORD1254,2023-08-13,Electronics,304.01,2,1027
ORD1255,2025-03-29,Electronics,152.91,2,1069
ORD1256,2023-08-22,Books,350.54,3,1043
ORD1257,2024-11-14,Clothing,431.46,4,1020
ORD1258,2024-10-25,Clothing,392.13,4,1027
ORD1259,2025-09-01,Clothing,29.41,1,1053
ORD1260,2025-04-06,Home Decor,245.45,3,1053
ORD1261,2024-01-09,Electronics,61.42,2,1064
ORD1262,2024-11-02,Electronics,128.6,3,1099
ORD1263,2024-08-30,Electronics,493.46,4,1020
ORD1264,2024-04-16,Home Decor,79.82,4,1098
ORD1265,2023-08-21,Electronics,254.46,1,1012
ORD1266,2024-11-22,Home Decor,312.9,1,1056
ORD1267,2023-04-23,Clothing,354.21,4,1048
ORD1268,2025-04-09,Books,284.23,2,1053
ORD1269,2024-05-11,Electronics,14.79,2,1009
ORD1270,2024-03-17,Electronics,169.97,3,1052
ORD1271,2024-07-17,Clothing,263.68,4,1043
ORD1272,2023-09-25,Books,53.05,4,1046
ORD1273,2024-05-24,Home Decor,181.81,2,1052
ORD1274,2025-03-17,Books,26.27,2,1073
ORD1275,2024-01-21,Clothing,48.5,4,1045
ORD1276,2024-01-22,Clothing,204.49,1,1012
ORD1277,2023-04-23,Books,75.03,4,1036
ORD1278,2024-09-04,Home Decor,288.1,4,1023
ORD1279,2024-09-16,Home Decor,347.84,2,1001
ORD1280,2025-08-09,Electronics,402.29,2,1085
ORD1281,2023-03-22,Home Decor,108.07,1,1080
ORD1282,2024-11-29,Books,92.07,1,1099
ORD1283,2023-04-23,Clothing,61.24,3,1013
ORD1284,2023-01-02,Electronics,321.85,4,1009
ORD1285,2024-10-03,Electronics,356.17,2,1034
ORD1286,2023-08-08,Clothing,25.48,1,1024
ORD1287,2024-07-19,Home Decor,468.74,3,1002
ORD1288,2025-05-04,Clothing,35.47,3,1016
ORD1289,2025-09-23,Home Decor,275.24,2,1011
ORD1290,2025-01-05,Clothing,357.44,2,1053
ORD1291,2023-08-13,Books,436.77,3,1023
ORD1292,2024-01-20,Home Decor,359.9,1,1028
ORD1293,2024-02-07,Books,402.85,3,1042
ORD1294,2024-09-29,Electronics,176.33,4,1024
ORD1295,2023-05-10,Clothing,409.26,4,1099
ORD1296,2023-02-22,Electronics,49.26,2,1059
ORD1297,2024-11-14,Electronics,448.46,1,1089
ORD1298,2024-12-30,Electronics,278.32,1,1064
ORD1299,2024-11-02,Electronics,410.48,4,1083
ORD1300,2024-12-10,Clothing,231.64,3,1027
ORD1301,2024-02-20,Electronics,325.35,2,1015
ORD1302,2023-09-04,Clothing,267.94,3,1046
ORD1303,2025-04-15,Clothing,368.48,3,1080
ORD1304,2024-03-14,Books,50.0,3,1091
ORD1305,2023-07-22,Home Decor,39.57,1,1057
ORD1306,2023-07-03,Home Decor,131.08,4,1075
ORD1307,2023-05-03,Clothing,88.18,1,1026
ORD1308,2024-02-05,Books,437.17,4,1052
ORD1309,2025-02-05,Clothing,117.41,2,1041
ORD1310,2023-10-21,Clothing,488.17,2,1058
ORD1311,2023-10-07,Clothing,175.08,3,1046
ORD1312,2025-04-16,Books,99.24,4,1093
ORD1313,2025-06-02,Home Decor,396.95,4,1033
ORD1314,2024-09-01,Books,332.77,4,1036
ORD1315,2023-07-17,Electronics,254.12,3,1005
ORD1316,2025-09-08,Books,282.13,3,1006
ORD1317,2025-06-25,Books,362.41,2,1095
ORD1318,2024-05-25,Books,121.94,1,1095
ORD1319,2025-01-21,Books,498.2,4,1024
ORD1320,2023-05-24,Home Decor,487.65,4,1032
ORD1321,2024-08-31,Electronics,328.66,1,1054
ORD1322,2023-07-20,Home Decor,107.78,4,1057
ORD1323,2023-05-04,Home Decor,343.31,3,1006
ORD1324,2023-07-06,Books,45.38,3,1056
ORD1325,2023-11-22,Clothing,25.02,4,1011
ORD1326,2024-04-08,Clothing,136.26,3,1015
ORD1327,2023-12-15,Home Decor,236.69,3,1079
ORD1328,2025-02-09,Home Decor,435.45,4,1042
ORD1329,2024-10-21,Books,366.31,2,1099
ORD1330,2025-02-02,Home Decor,373.93,1,1076
ORD1331,2025-08-12,Books,218.49,3,1006
ORD1332,2025-07-20,Clothing,179.51,2,1099
ORD1333,2024-02-07,Clothing,191.81,3,1050
ORD1334,2023-12-12,Electronics,493.95,3,1072
ORD1335,2025-08-20,Clothing,29.65,1,1031
ORD1336,2024-05-25,Home Decor,434.85,3,1074
ORD1337,2023-05-27,Clothing,293.55,1,1007
ORD1338,2023-05-28,Books,224.92,1,1096
ORD1339,2025-05-13,Clothing,365.38,1,1086
ORD1340,2024-12-11,Electronics,248.47,2,1088
ORD1341,2025-03-30,Clothing,437.98,4,1071
ORD1342,2024-05-03,Books,451.34,2,1044
ORD1343,2025-07-17,Books,216.64,4,1085
ORD1344,2025-07-24,Home Decor,145.65,4,1058
ORD1345,2024-10-01,Clothing,300.25,1,1003
ORD1346,2024-07-04,Books,457.06,3,1066
ORD1347,2023-12-04,Electronics,113.22,1,1028
ORD1348,2025-05-21,Home Decor,315.25,3,1028
ORD1349,2024-10-02,Electronics,319.46,4,1097
ORD1350,2025-02-17,Clothing,369.23,1,1097
ORD1351,2025-09-14,Clothing,74.47,3,1027
ORD1352,2025-08-10,Clothing,360.75,2,1076
ORD1353,2024-04-17,Home Decor,455.43,3,1078
ORD1354,2025-08-03,Books,98.04,1,1086
ORD1355,2023-05-31,Home Decor,126.4,2,1043
ORD1356,2024-02-19,Electronics,485.98,3,1089
ORD1357,2025-09-16,Home Decor,98.68,3,1003
ORD1358,2023-10-25,Electronics,428.65,3,1089
ORD1359,2024-09-02,Home Decor,251.22,3,1008
ORD1360,2023-09-20,Books,131.14,3,1004
ORD1361,2025-02-02,Electronics,436.67,2,1055
ORD1362,2023-05-24,Clothing,228.2,4,1095
ORD1363,2023-12-12,Clothing,262.26,2,1083
ORD1364,2024-09-15,Home Decor,186.02,2,1049
ORD1365,2024-07-25,Clothing,300.55,2,1074
ORD1366,2025-05-30,Electronics,90.13,4,1014
ORD1367,2023-01-02,Clothing,201.63,1,1031
ORD1368,2025-06-15,Books,485.01,4,1027
ORD1369,2023-10-31,Books,136.49,2,1021
ORD1370,2023-09-11,Home Decor,331.8,3,1016
ORD1371,2024-10-13,Electronics,169.34,3,1058
ORD1372,2024-03-28,Books,389.0,2,1089
ORD1373,2023-02-06,Books,74.13,3,1070
ORD1374,2023-06-09,Electronics,485.21,2,1056
ORD1375,2023-01-09,Clothing,232.36,3,1025
ORD1376,2023-08-21,Clothing,125.66,4,1024
ORD1377,2023-04-09,Home Decor,46.01,1,1009
ORD1378,2024-10-20,Clothing,93.18,1,1044
ORD1379,2025-03-26,Electronics,264.69,4,1082
ORD1380,2023-07-27,Books,175.13,4,1010
ORD1381,2023-05-11,Clothing,416.15,2,1076
ORD1382,2024-02-08,Home Decor,221.13,2,1052
ORD1383,2023-06-01,Clothing,131.87,2,1071
ORD1384,2023-02-23,Electronics,312.4,3,1067
ORD1385,2023-04-30,Home Decor,356.32,2,1094
ORD1386,2024-11-03,Clothing,91.85,4,1027
ORD1387,2025-07-08,Home Decor,92.13,1,1074
ORD1388,2024-09-19,Electronics,27.97,3,1064
ORD1389,2024-08-09,Books,370.84,2,1048
ORD1390,2024-09-16,Electronics,335.26,3,1046
ORD1391,2025-08-25,Electronics,242.57,3,1051
ORD1392,2024-02-24,Electronics,423.64,2,1087
ORD1393,2024-02-26,Electronics,404.78,3,1053
ORD1394,2023-04-14,Books,296.82,1,1059
ORD1395,2025-05-01,Books,435.45,4,1056
ORD1396,2023-09-11,Home Decor,110.86,4,1046
ORD1397,2023-08-15,Clothing,64.84,1,1030
ORD1398,2023-04-22,Books,142.18,3,1045
ORD1399,2024-05-24,Books,37.97,2,1025
ORD1400,2024-04-17,Clothing,270.27,3,1004
ORD1401,2023-04-09,Books,468.94,1,1083
ORD1402,2023-06-02,Electronics,29.28,3,1051
ORD1403,2025-05-10,Electronics,69.83,4,1074
ORD1404,2025-07-02,Clothing,231.58,3,1053
ORD1405,2025-06-14,Home Decor,467.6,1,1032
ORD1406,2025-05-27,Home Decor,164.92,4,1049
ORD1407,2023-12-04,Clothing,258.55,3,1037
ORD1408,2024-12-06,Clothing,30.37,3,1026
ORD1409,2025-04-01,Electronics,82.69,4,1097
ORD1410,2023-06-12,Home Decor,493.45,2,1014
ORD1411,2024-12-20,Books,482.91,4,1095
ORD1412,2025-08-14,Electronics,12.42,2,1060
ORD1413,2024-11-11,Clothing,476.39,1,1020
ORD1414,2025-09-22,Home Decor,323.17,1,1045
ORD1415,2023-06-10,Books,435.28,4,1068
ORD1416,2024-08-02,Books,232.82,4,1005
ORD1417,2025-03-11,Electronics,262.64,1,1037
ORD1418,2024-02-02,Home Decor,249.53,2,1061
ORD1419,2023-10-04,Home Decor,336.76,1,1085
ORD1420,2025-03-26,Clothing,78.43,4,1061
ORD1421,2025-07-04,Home Decor,24.69,1,1081
ORD1422,2024-05-18,Home Decor,160.89,4,1077
ORD1423,2025-06-14,Electronics,355.29,4,1073
ORD1424,2024-01-27,Home Decor,108.91,1,1045
ORD1425,2023-05-15,Books,339.98,2,1012
ORD1426,2023-07-14,Electronics,485.26,3,1094
ORD1427,2024-02-05,Electronics,56.01,1,1093
ORD1428,2024-10-01,Clothing,339.58,3,1002
ORD1429,2023-02-02,Home Decor,227.44,1,1093
ORD1430,2024-11-18,Clothing,435.39,3,1005
ORD1431,2024-04-04,Books,96.8,2,1092
ORD1432,2025-08-12,Electronics,349.39,2,1007
ORD1433,2025-06-01,Electronics,420.68,1,1043
ORD1434,2024-04-14,Electronics,472.86,4,1032
ORD1435,2024-01-10,Books,344.79,3,1080
ORD1436,2023-01-22,Books,253.62,4,1074
ORD1437,2025-01-19,Clothing,312.75,4,1076
ORD1438,2024-10-31,Clothing,435.76,4,1049
ORD1439,2023-02-07,Clothing,289.6,2,1010
ORD1440,2023-08-18,Home Decor,24.89,1,1094
ORD1441,2023-12-31,Electronics,466.16,1,1027
ORD1442,2024-07-16,Electronics,347.87,2,1069
ORD1443,2024-03-13,Clothing,341.49,2,1040
ORD1444,2025-02-14,Electronics,115.68,1,1015
ORD1445,2023-10-10,Clothing,332.85,4,1067
ORD1446,2023-01-27,Home Decor,202.99,3,1098
ORD1447,2023-08-14,Home Decor,329.1,3,1047
ORD1448,2023-10-04,Books,62.23,3,1055
ORD1449,2025-03-08,Home Decor,332.34,4,1063
ORD1450,2024-08-31,Clothing,499.71,1,1058
ORD1451,2023-10-11,Home Decor,33.62,2,1089
ORD1452,2025-05-28,Books,488.82,1,1061
ORD1453,2025-08-17,Electronics,209.38,4,1075
ORD1454,2024-04-25,Clothing,436.67,2,1010
ORD1455,2024-03-28,Electronics,393.37,4,1088
ORD1456,2025-04-08,Books,287.84,3,1017
ORD1457,2025-03-26,Books,371.84,3,1018
ORD1458,2024-10-20,Books,440.47,4,1086
ORD1459,2024-05-30,Electronics,208.03,2,1054
ORD1460,2024-06-30,Electronics,170.25,2,1081
ORD1461,2023-07-11,Electronics,337.12,1,1025
ORD1462,2023-02-18,Electronics,405.84,3,1005
ORD1463,2024-05-26,Books,383.52,1,1003
ORD1464,2023-01-17,Books,400.93,1,1028
ORD1465,2023-06-21,Clothing,223.44,4,1058
ORD1466,2023-08-08,Clothing,410.74,4,1097
ORD1467,2023-06-07,Electronics,68.9,1,1016
ORD1468,2024-04-21,Home Decor,276.8,3,1042
ORD1469,2023-02-15,Home Decor,12.82,4,1079
ORD1470,2024-01-08,Books,169.05,1,1065
ORD1471,2024-06-01,Books,189.57,1,1033
ORD1472,2023-04-09,Books,204.12,1,1007
ORD1473,2025-06-10,Clothing,350.78,1,1012
ORD1474,2025-01-14,Clothing,200.39,1,1007
ORD1475,2023-02-06,Books,229.86,1,1093
ORD1476,2023-10-07,Books,126.4,4,1095
ORD1477,2023-12-15,Books,192.89,3,1099
ORD1478,2024-05-11,Home Decor,121.36,1,1093
ORD1479,2023-10-29,Clothing,45.87,2,1064
ORD1480,2023-06-30,Home Decor,305.69,4,1042
ORD1481,2024-08-29,Home Decor,337.42,4,1038
ORD1482,2023-04-09,Books,313.55,1,1080
ORD1483,2024-11-30,Books,237.11,4,1058
ORD1484,2025-09-19,Electronics,196.1,1,1083
ORD1485,2023-04-26,Electronics,433.03,3,1087
ORD1486,2023-07-10,Home Decor,264.35,3,1085
ORD1487,2023-09-10,Clothing,244.8,4,1092
ORD1488,2025-09-07,Books,22.56,4,1085
ORD1489,2025-07-16,Books,177.21,2,1043
ORD1490,2025-09-09,Home Decor,196.3,4,1008
ORD1491,2023-06-10,Electronics,205.42,2,1036
ORD1492,2023-09-13,Clothing,294.28,3,1073
ORD1493,2023-11-19,Electronics,271.47,3,1035
ORD1494,2023-05-08,Electronics,307.87,1,1091
ORD1495,2023-01-18,Electronics,384.79,3,1027
ORD1496,2025-03-03,Electronics,408.36,2,1041
ORD1497,2025-01-04,Books,361.88,4,1042
ORD1498,2024-07-19,Books,478.21,1,1084
ORD1499,2024-07-23,Electronics,18.93,2,1087
ORD1500,2023-11-19,Clothing,105.93,4,1041
ORD1501,2025-05-21,Home Decor,13.71,1,1065
ORD1502,2024-11-16,Clothing,327.26,3,1054
ORD1503,2025-03-02,Clothing,450.03,2,1071
ORD1504,2024-09-17,Clothing,129.31,4,1047
ORD1505,2023-10-15,Electronics,464.25,1,1090
ORD1506,2025-07-31,Books,39.53,1,1021
ORD1507,2025-05-03,Clothing,467.87,3,1026
ORD1508,2024-10-24,Electronics,182.3,4,1092
ORD1509,2025-08-19,Clothing,59.7,3,1066
ORD1510,2024-09-30,Clothing,248.08,3,1012
ORD1511,2023-06-04,Electronics,135.82,4,1044
ORD1512,2024-05-04,Books,149.59,4,1009
ORD1513,2024-01-21,Books,160.57,4,1099
ORD1514,2025-09-12,Home Decor,403.48,2,1008
ORD1515,2025-02-23,Electronics,274.19,4,1053
ORD1516,2023-04-14,Home Decor,162.54,1,1026
ORD1517,2025-07-17,Home Decor,309.06,3,1033
ORD1518,2024-01-28,Home Decor,360.91,2,1000
ORD1519,2025-03-21,Books,143.59,4,1031
ORD1520,2023-09-03,Electronics,212.64,2,1088
ORD1521,2023-06-25,Home Decor,69.72,4,1092
ORD1522,2023-02-08,Electronics,98.76,2,1070
ORD1523,2024-04-21,Electronics,343.75,3,1066
ORD1524,2024-11-12,Books,98.9,3,1083
ORD1525,2025-01-28,Home Decor,267.33,1,1019
ORD1526,2024-06-21,Home Decor,357.43,1,1093
ORD1527,2025-05-16,Electronics,62.37,4,1034
ORD1528,2025-03-28,Clothing,287.98,3,1098
ORD1529,2025-07-09,Books,135.72,2,1090
ORD1530,2024-02-12,Books,481.83,2,1089
ORD1531,2024-06-08,Books,246.94,2,1077
ORD1532,2025-04-07,Books,404.94,1,1016
ORD1533,2024-05-20,Home Decor,279.61,2,1017
ORD1534,2025-06-21,Home Decor,31.27,1,1044
ORD1535,2025-04-04,Clothing,320.24,1,1092
ORD1536,2023-02-05,Books,476.19,4,1083
ORD1537,2024-11-15,Books,304.79,2,1052
ORD1538,2023-01-20,Electronics,411.4,2,1090
ORD1539,2023-11-17,Home Decor,443.26,3,1081
ORD1540,2025-02-14,Books,121.76,4,1067
ORD1541,2024-05-26,Clothing,113.9,3,1064
ORD1542,2024-02-04,Clothing,309.38,4,1000
ORD1543,2024-10-15,Home Decor,211.4,2,1057
ORD1544,2025-08-29,Clothing,421.53,1,1025
ORD1545,2025-06-01,Clothing,451.01,1,1019
ORD1546,2024-04-15,Home Decor,183.18,1,1086
ORD1547,2023-05-23,Books,126.07,1,1009
ORD1548,2023-04-02,Books,392.46,1,1058
ORD1549,2023-12-20,Clothing,144.65,3,1074
ORD1550,2025-04-13,Clothing,413.08,4,1040
ORD1551,2025-03-10,Books,217.63,2,1004
ORD1552,2024-12-27,Home Decor,337.1,3,1064
ORD1553,2025-08-16,Clothing,56.81,4,1016
ORD1554,2025-05-03,Electronics,315.69,1,1021
ORD1555,2023-02-20,Home Decor,231.37,4,1097
ORD1556,2024-10-26,Clothing,297.44,4,1040
ORD1557,2024-11-28,Clothing,92.33,1,1092
ORD1558,2024-07-28,Electronics,371.07,1,1067
ORD1559,2023-07-09,Electronics,432.77,1,1068
ORD1560,2023-05-05,Books,116.2,2,1010
ORD1561,2023-05-30,Home Decor,56.9,1,1055
ORD1562,2023-11-10,Home Decor,21.58,2,1050
ORD1563,2024-07-23,Books,324.57,1,1020
ORD1564,2023-12-08,Home Decor,307.48,2,1098
ORD1565,2023-11-01,Home Decor,277.88,4,1075
ORD1566,2024-11-22,Home Decor,123.65,3,1025
ORD1567,2024-11-12,Home Decor,201.54,4,1018
ORD1568,2025-04-17,Home Decor,301.29,4,1059
ORD1569,2025-02-21,Electronics,253.42,1,1070
ORD1570,2023-02-23,Home Decor,494.01,2,1046
ORD1571,2024-03-19,Electronics,76.86,3,1070
ORD1572,2024-09-04,Home Decor,350.62,1,1025
ORD1573,2025-09-19,Books,208.12,1,1039
ORD1574,2023-09-21,Clothing,219.82,1,1004
ORD1575,2023-02-22,Electronics,361.62,4,1020
ORD1576,2024-07-25,Home Decor,349.29,2,1077
ORD1577,2024-09-11,Books,495.72,2,1003
ORD1578,2023-01-05,Clothing,72.91,3,1022
ORD1579,2023-04-13,Electronics,61.01,2,1083
ORD1580,2023-07-15,Clothing,364.93,2,1014
ORD1581,2025-02-12,Books,293.41,1,1092
ORD1582,2025-05-26,Electronics,144.34,1,1007
ORD1583,2025-09-18,Clothing,48.92,4,1040
ORD1584,2025-06-02,Home Decor,51.97,1,1018
ORD1585,2023-12-16,Electronics,448.15,1,1045
ORD1586,2023-02-16,Clothing,104.01,1,1027
ORD1587,2025-05-16,Books,168.45,1,1090
ORD1588,2025-04-02,Books,121.06,4,1067
ORD1589,2025-07-24,Electronics,183.95,1,1014
ORD1590,2025-03-30,Clothing,44.02,3,1098
ORD1591,2024-10-17,Electronics,264.34,3,1036
ORD1592,2023-09-26,Electronics,43.13,3,1000
ORD1593,2024-01-05,Clothing,402.17,3,1066
ORD1594,2024-09-27,Clothing,124.52,1,1023
ORD1595,2023-04-16,Home Decor,274.61,3,1026
ORD1596,2024-10-31,Clothing,441.24,1,1039
ORD1597,2024-10-20,Books,328.93,4,1062
ORD1598,2024-10-18,Electronics,271.15,3,1060
ORD1599,2023-04-30,Electronics,168.92,2,1035
ORD1600,2025-04-10,Books,173.17,3,1097
ORD1601,2025-02-25,Clothing,338.05,3,1092
ORD1602,2024-08-26,Books,497.13,1,1023
ORD1603,2023-02-27,Books,334.3,3,1023
ORD1604,2025-08-08,Home Decor,283.31,2,1003
ORD1605,2023-12-12,Books,368.02,1,1066
ORD1606,2025-01-10,Electronics,237.95,1,1033
ORD1607,2024-04-18,Books,39.47,4,1056
ORD1608,2023-04-27,Electronics,285.53,4,1048
ORD1609,2025-04-09,Electronics,479.24,3,1086
ORD1610,2025-03-01,Electronics,95.9,4,1052
ORD1611,2023-05-07,Clothing,348.1,4,1022
ORD1612,2024-01-28,Home Decor,108.46,4,1068
ORD1613,2025-06-26,Electronics,272.56,1,1094
ORD1614,2024-10-02,Electronics,57.37,1,1052
ORD1615,2023-02-27,Clothing,230.68,1,1061
ORD1616,2024-09-25,Electronics,380.52,4,1040
ORD1617,2024-05-27,Books,180.31,1,1056
ORD1618,2025-01-20,Books,335.81,4,1059
ORD1619,2025-03-12,Home Decor,399.77,1,1053
ORD1620,2023-04-06,Electronics,464.32,1,1069
ORD1621,2024-09-29,Clothing,124.97,2,1056
ORD1622,2023-04-28,Books,205.66,3,1009
ORD1623,2024-07-13,Clothing,84.68,4,1039
ORD1624,2024-08-23,Clothing,496.32,2,1006
ORD1625,2024-05-02,Books,464.23,1,1037
ORD1626,2023-08-25,Clothing,274.58,4,1084
ORD1627,2025-06-03,Books,422.6,1,1060
ORD1628,2025-06-15,Clothing,265.27,3,1083
ORD1629,2023-09-29,Books,315.56,2,1002
ORD1630,2023-07-08,Electronics,53.67,3,1050
ORD1631,2025-09-25,Home Decor,380.08,2,1085
ORD1632,2024-12-04,Books,72.58,1,1046
ORD1633,2024-03-22,Books,414.77,3,1067
ORD1634,2024-08-03,Home Decor,393.19,3,1091
ORD1635,2025-02-28,Books,357.28,1,1075
ORD1636,2025-05-10,Books,27.72,3,1037
ORD1637,2023-09-04,Clothing,158.53,4,1035
ORD1638,2025-08-20,Home Decor,138.93,2,1040
ORD1639,2023-03-17,Electronics,186.47,2,1068
ORD1640,2023-06-03,Books,52.94,2,1012
ORD1641,2024-10-17,Home Decor,469.11,4,1086
ORD1642,2024-03-10,Clothing,281.36,2,1057
ORD1643,2025-09-23,Electronics,159.71,1,1049
ORD1644,2023-03-27,Home Decor,204.52,3,1029
ORD1645,2024-11-27,Electronics,229.13,4,1061
ORD1646,2023-10-12,Electronics,304.29,2,1024
ORD1647,2025-08-31,Electronics,262.68,1,1026
ORD1648,2023-08-08,Books,460.5,3,1050
ORD1649,2023-03-10,Books,253.51,3,1077
ORD1650,2023-02-16,Clothing,496.16,4,1056
ORD1651,2023-04-04,Clothing,427.2,4,1046
ORD1652,2025-01-19,Home Decor,112.17,4,1099
ORD1653,2025-08-15,Clothing,465.99,1,1038
ORD1654,2024-03-28,Electronics,67.02,1,1015
ORD1655,2023-07-23,Electronics,410.55,4,1021
ORD1656,2025-06-30,Books,196.51,2,1084
ORD1657,2023-08-06,Electronics,440.21,3,1053
ORD1658,2024-04-18,Home Decor,435.35,3,1020
ORD1659,2024-03-07,Electronics,404.9,1,1071
ORD1660,2023-12-07,Electronics,397.11,3,1015
ORD1661,2024-07-04,Home Decor,159.29,2,1058
ORD1662,2024-09-03,Clothing,49.65,3,1030
ORD1663,2023-10-16,Clothing,207.46,1,1041
ORD1664,2023-09-11,Home Decor,95.03,1,1073
ORD1665,2025-01-03,Books,350.53,2,1031
ORD1666,2023-12-23,Electronics,179.59,2,1058
ORD1667,2023-01-23,Home Decor,488.05,3,1033
ORD1668,2025-01-31,Electronics,324.08,3,1008
ORD1669,2024-06-05,Books,413.02,1,1080
ORD1670,2025-01-27,Electronics,74.94,2,1010
ORD1671,2025-04-16,Home Decor,432.39,2,1095
ORD1672,2023-04-10,Electronics,462.15,2,1009
ORD1673,2025-03-12,Clothing,248.66,3,1085
ORD1674,2023-06-29,Books,307.06,2,1016
ORD1675,2023-08-11,Books,384.76,1,1067
ORD1676,2025-06-24,Books,95.67,1,1047
ORD1677,2025-01-31,Home Decor,256.26,3,1051
ORD1678,2024-10-20,Books,205.34,4,1024
ORD1679,2024-03-17,Clothing,81.72,3,1020
ORD1680,2024-08-30,Home Decor,190.09,4,1064
ORD1681,2025-02-07,Clothing,43.4,2,1062
ORD1682,2023-11-21,Electronics,22.65,3,1088
ORD1683,2024-05-30,Electronics,76.23,1,1050
ORD1684,2023-01-16,Electronics,481.93,2,1035
ORD1685,2025-03-02,Electronics,279.27,1,1080
ORD1686,2023-12-02,Clothing,483.25,2,1087
ORD1687,2025-01-28,Home Decor,221.92,3,1065
ORD1688,2023-09-15,Home Decor,162.79,4,1014
ORD1689,2024-05-11,Books,258.01,2,1095
ORD1690,2025-09-14,Clothing,225.36,4,1038
ORD1691,2025-06-14,Electronics,61.78,2,1069
ORD1692,2023-06-09,Clothing,324.0,1,1000
ORD1693,2024-04-19,Books,115.86,1,1022
ORD1694,2025-05-01,Books,313.6,2,1038
ORD1695,2024-10-25,Clothing,328.6,4,1056
ORD1696,2025-06-26,Clothing,84.49,3,1080
ORD1697,2024-11-20,Clothing,40.06,3,1033
ORD1698,2024-11-05,Home Decor,392.57,1,1040
ORD1699,2024-01-15,Electronics,235.3,3,1092
ORD1700,2024-06-28,Clothing,38.5,1,1072
ORD1701,2025-07-17,Clothing,497.48,3,1012
ORD1702,2025-08-14,Clothing,38.31,2,1069
ORD1703,2024-11-21,Books,350.57,1,1005
ORD1704,2024-03-02,Books,492.0,1,1083
ORD1705,2024-09-04,Home Decor,127.2,2,1051
ORD1706,2023-09-25,Electronics,79.7,1,1002
ORD1707,2025-04-14,Home Decor,69.48,3,1080
ORD1708,2024-07-30,Electronics,158.6,3,1062
ORD1709,2024-02-21,Books,59.51,1,1048
ORD1710,2023-06-17,Books,349.16,3,1075
ORD1711,2025-04-21,Books,40.52,4,1046
ORD1712,2023-02-12,Home Decor,259.62,1,1054
ORD1713,2024-07-09,Clothing,498.38,2,1063
ORD1714,2023-10-12,Clothing,408.85,4,1064
ORD1715,2024-02-01,Books,311.46,1,1080
ORD1716,2023-01-12,Clothing,160.06,2,1066
ORD1717,2024-08-29,Clothing,315.71,3,1089
ORD1718,2023-10-29,Home Decor,268.25,2,1014
ORD1719,2025-06-16,Electronics,218.78,4,1099
ORD1720,2023-09-10,Books,74.05,3,1031
ORD1721,2024-05-13,Books,444.44,1,1095
ORD1722,2025-01-23,Home Decor,230.39,3,1067
ORD1723,2023-02-04,Home Decor,105.37,1,1017
ORD1724,2024-12-27,Clothing,190.2,1,1082
ORD1725,2025-04-28,Books,212.92,2,1042
ORD1726,2023-03-31,Electronics,415.49,2,1034
ORD1727,2025-02-14,Home Decor,369.47,2,1077
ORD1728,2024-08-27,Electronics,386.96,4,1057
ORD1729,2025-07-10,Electronics,15.41,4,1032
ORD1730,2025-08-27,Books,213.92,2,1013
ORD1731,2024-08-24,Books,245.86,4,1033
ORD1732,2024-02-22,Home Decor,19.4,3,1060
ORD1733,2023-04-25,Books,137.31,3,1003
ORD1734,2024-09-08,Books,382.54,4,1087
ORD1735,2025-06-21,Books,77.18,4,1058
ORD1736,2023-07-15,Electronics,272.3,3,1028
ORD1737,2025-04-05,Home Decor,115.45,1,1082
ORD1738,2024-05-15,Clothing,15.94,3,1005
ORD1739,2024-09-17,Electronics,128.19,3,1096
ORD1740,2024-05-07,Books,488.18,4,1048
ORD1741,2023-03-16,Electronics,402.75,3,1039
ORD1742,2024-02-17,Books,480.19,4,1082
ORD1743,2024-01-11,Books,249.05,4,1064
ORD1744,2024-02-24,Electronics,63.77,2,1068
ORD1745,2024-12-29,Home Decor,278.5,3,1026
ORD1746,2023-10-04,Books,232.64,1,1079
ORD1747,2025-01-30,Home Decor,423.73,2,1005
ORD1748,2024-11-06,Clothing,58.06,4,1012
ORD1749,2024-01-29,Books,249.24,4,1063
ORD1750,2025-05-18,Home Decor,83.52,1,1061
ORD1751,2024-04-01,Home Decor,169.09,4,1098
ORD1752,2025-07-08,Clothing,371.3,3,1018
ORD1753,2023-07-11,Home Decor,243.25,2,1075
ORD1754,2025-01-08,Home Decor,194.19,4,1079
ORD1755,2024-11-19,Clothing,203.29,4,1042
ORD1756,2023-04-09,Books,235.13,1,1073
ORD1757,2024-07-01,Home Decor,394.66,3,1088
ORD1758,2025-09-04,Home Decor,447.12,4,1019
ORD1759,2025-09-25,Home Decor,478.11,1,1094
ORD1760,2023-04-06,Electronics,395.58,4,1067
ORD1761,2024-10-25,Clothing,164.55,1,1043
ORD1762,2024-10-24,Electronics,347.19,1,1022
ORD1763,2023-07-09,Clothing,224.43,3,1001
ORD1764,2025-01-05,Books,134.79,4,1021
ORD1765,2023-02-06,Books,422.03,3,1056
ORD1766,2025-02-18,Home Decor,28.83,1,1071
ORD1767,2024-01-04,Clothing,451.86,2,1006
ORD1768,2024-11-25,Books,236.12,4,1077
ORD1769,2024-06-08,Clothing,322.23,2,1055
ORD1770,2023-10-06,Books,333.08,4,1066
ORD1771,2023-08-05,Electronics,448.61,3,1015
ORD1772,2025-05-16,Books,321.97,3,1082
ORD1773,2025-05-22,Electronics,310.83,3,1050
ORD1774,2025-03-08,Books,42.66,3,1081
ORD1775,2023-09-30,Home Decor,264.02,3,1079
ORD1776,2025-05-30,Electronics,83.58,2,1071
ORD1777,2023-03-03,Books,371.34,3,1096
ORD1778,2024-08-18,Home Decor,260.99,1,1011
ORD1779,2025-05-29,Electronics,343.31,1,1052
ORD1780,2024-12-29,Home Decor,30.42,2,1074
ORD1781,2023-12-08,Clothing,51.55,4,1004
ORD1782,2024-02-01,Clothing,361.0,1,1026
ORD1783,2024-11-29,Electronics,45.32,4,1011
ORD1784,2023-01-19,Books,44.92,2,1016
ORD1785,2023-06-26,Electronics,15.93,4,1005
ORD1786,2024-09-03,Home Decor,478.69,4,1096
ORD1787,2024-01-31,Books,371.38,4,1004
ORD1788,2024-03-20,Clothing,183.09,4,1056
ORD1789,2023-08-21,Books,155.3,2,1027
ORD1790,2025-07-03,Clothing,181.35,1,1077
ORD1791,2023-03-17,Books,389.58,3,1068
ORD1792,2023-09-22,Books,334.07,4,1058
ORD1793,2024-03-30,Books,100.75,1,1032
ORD1794,2025-03-06,Home Decor,95.31,1,1061
ORD1795,2024-12-18,Home Decor,58.21,2,1049
ORD1796,2025-01-04,Electronics,333.55,1,1018
ORD1797,2024-01-19,Electronics,384.54,2,1085
ORD1798,2024-07-17,Clothing,139.87,4,1068
ORD1799,2025-04-30,Home Decor,20.26,4,1065
ORD1800,2024-05-20,Clothing,50.26,3,1093
ORD1801,2024-01-02,Electronics,484.25,3,1046
ORD1802,2023-05-24,Clothing,154.77,3,1038
ORD1803,2025-06-03,Electronics,386.92,1,1067
ORD1804,2023-03-10,Home Decor,316.09,4,1032
ORD1805,2023-04-09,Books,197.15,2,1012
ORD1806,2024-01-31,Home Decor,110.79,3,1083
ORD1807,2023-01-25,Clothing,69.48,2,1053
ORD1808,2025-08-05,Clothing,311.36,2,1006
ORD1809,2025-06-09,Home Decor,389.57,3,1078
ORD1810,2024-04-13,Home Decor,325.51,4,1086
ORD1811,2024-04-28,Electronics,269.85,3,1013
ORD1812,2024-07-18,Clothing,30.56,2,1086
ORD1813,2023-05-31,Clothing,484.56,3,1018
ORD1814,2023-05-24,Home Decor,401.37,2,1053
ORD1815,2024-07-22,Books,153.48,2,1092
ORD1816,2023-02-08,Clothing,490.19,3,1019
ORD1817,2023-04-19,Books,304.92,1,1028
ORD1818,2024-11-23,Home Decor,295.39,3,1023
ORD1819,2023-02-11,Home Decor,376.56,1,1081
ORD1820,2023-07-05,Electronics,407.77,2,1062
ORD1821,2025-07-23,Clothing,331.67,2,1073
ORD1822,2024-02-02,Books,72.77,1,1056
ORD1823,2023-08-11,Electronics,175.75,2,1007
ORD1824,2024-09-25,Clothing,464.76,1,1089
ORD1825,2023-05-13,Electronics,120.06,1,1061
ORD1826,2023-06-12,Home Decor,192.36,2,1028
ORD1827,2023-08-03,Clothing,221.72,4,1073
ORD1828,2025-01-02,Electronics,225.31,1,1016
ORD1829,2023-08-23,Electronics,310.34,3,1065
ORD1830,2025-04-22,Books,472.11,3,1005
ORD1831,2024-10-19,Electronics,127.94,2,1057
ORD1832,2025-01-20,Clothing,69.54,4,1068
ORD1833,2024-08-10,Clothing,106.76,2,1027
ORD1834,2023-01-09,Books,444.59,4,1061
ORD1835,2023-03-15,Clothing,326.45,1,1040
ORD1836,2025-08-11,Home Decor,150.09,1,1068
ORD1837,2024-05-06,Clothing,409.81,1,1081
ORD1838,2025-07-01,Clothing,432.07,1,1089
ORD1839,2023-09-10,Electronics,424.79,3,1083
ORD1840,2023-08-18,Electronics,460.27,3,1040
ORD1841,2024-06-02,Clothing,133.6,2,1048
ORD1842,2023-06-23,Books,379.97,4,1090
ORD1843,2024-10-14,Electronics,235.66,1,1048
ORD1844,2023-06-17,Books,422.58,1,1075
ORD1845,2023-06-19,Clothing,366.96,4,1070
ORD1846,2024-01-28,Clothing,390.46,4,1002
ORD1847,2025-08-03,Home Decor,331.52,2,1009
ORD1848,2025-03-05,Electronics,96.94,4,1097
ORD1849,2024-09-25,Clothing,277.06,1,1088
ORD1850,2023-07-13,Home Decor,492.49,1,1034
ORD1851,2024-05-31,Electronics,469.32,1,1079
ORD1852,2023-01-29,Clothing,31.16,1,1001
ORD1853,2023-06-14,Clothing,90.76,1,1023
ORD1854,2024-02-26,Electronics,74.55,2,1073
ORD1855,2023-12-05,Electronics,365.73,1,1037
ORD1856,2024-10-09,Electronics,410.71,2,1021
ORD1857,2024-05-10,Clothing,114.62,1,1025
ORD1858,2023-12-31,Clothing,257.87,3,1042
ORD1859,2025-04-12,Home Decor,421.94,3,1054
ORD1860,2023-12-08,Books,369.07,3,1038
ORD1861,2024-05-14,Electronics,275.7,3,1090
ORD1862,2024-10-18,Clothing,299.27,2,1028
ORD1863,2024-05-25,Clothing,259.1,2,1019
ORD1864,2023-11-23,Electronics,155.8,4,1090
ORD1865,2023-08-05,Books,286.86,1,1040
ORD1866,2023-10-28,Electronics,347.55,3,1053
ORD1867,2023-05-12,Books,437.93,2,1019
ORD1868,2025-03-14,Clothing,321.78,1,1018
ORD1869,2023-03-11,Books,382.95,1,1083
ORD1870,2023-09-09,Home Decor,88.44,2,1098
ORD1871,2024-02-19,Clothing,236.16,3,1065
ORD1872,2025-02-25,Home Decor,14.57,4,1029
ORD1873,2024-03-20,Electronics,130.87,1,1052
ORD1874,2025-05-25,Electronics,365.97,4,1033
ORD1875,2023-07-01,Electronics,495.99,3,1021
ORD1876,2023-06-16,Books,58.6,3,1066
ORD1877,2023-04-01,Clothing,206.73,4,1005
ORD1878,2024-12-14,Electronics,402.03,3,1078
ORD1879,2025-05-07,Electronics,109.98,1,1026
ORD1880,2024-06-14,Clothing,281.99,4,1009
ORD1881,2023-02-08,Electronics,369.2,3,1072
ORD1882,2023-05-06,Home Decor,311.83,4,1096
ORD1883,2024-03-26,Clothing,102.13,1,1095
ORD1884,2023-06-22,Clothing,184.14,3,1047
ORD1885,2024-10-14,Clothing,394.06,1,1069
ORD1886,2025-01-23,Home Decor,281.57,3,1058
ORD1887,2023-08-08,Clothing,12.56,2,1099
ORD1888,2024-09-29,Home Decor,382.89,3,1058
ORD1889,2023-02-27,Clothing,27.3,4,1001
ORD1890,2024-10-21,Books,375.41,3,1028
ORD1891,2024-04-20,Electronics,109.22,1,1067
ORD1892,2024-03-31,Books,479.46,1,1064
ORD1893,2025-04-08,Electronics,190.29,3,1082
ORD1894,2025-06-13,Home Decor,170.2,4,1025
ORD1895,2023-12-27,Books,82.96,2,1088
ORD1896,2025-07-23,Clothing,159.75,4,1009
ORD1897,2023-01-01,Electronics,439.56,2,1052
ORD1898,2024-01-22,Electronics,498.2,1,1078
ORD1899,2025-08-30,Books,190.47,4,1058
ORD1900,2023-12-14,Home Decor,229.82,2,1021
ORD1901,2023-07-09,Books,363.81,3,1050
ORD1902,2024-05-19,Home Decor,444.24,1,1047
ORD1903,2023-07-10,Home Decor,300.59,3,1020
ORD1904,2024-05-22,Electronics,201.85,1,1021
ORD1905,2024-01-04,Books,212.18,4,1099
ORD1906,2024-02-13,Books,350.85,4,1097
ORD1907,2025-04-03,Home Decor,11.58,1,1029
ORD1908,2025-07-17,Books,313.6,1,1024
ORD1909,2025-07-22,Clothing,184.19,1,1027
ORD1910,2023-04-27,Clothing,399.16,4,1064
ORD1911,2023-05-14,Books,55.57,2,1044
ORD1912,2023-02-27,Books,298.22,3,1067
ORD1913,2024-07-09,Home Decor,245.68,3,1006
ORD1914,2024-11-15,Clothing,324.74,4,1048
ORD1915,2024-11-02,Clothing,41.78,3,1008
ORD1916,2023-06-22,Electronics,294.19,1,1035
ORD1917,2025-04-08,Home Decor,285.13,2,1082
ORD1918,2025-03-25,Electronics,284.72,3,1000
ORD1919,2023-05-29,Clothing,305.71,2,1009
ORD1920,2023-03-21,Home Decor,341.47,1,1035
ORD1921,2025-06-04,Books,404.44,3,1072
ORD1922,2023-08-01,Home Decor,142.21,4,1045
ORD1923,2023-07-22,Books,414.27,2,1031
ORD1924,2025-02-02,Books,254.15,1,1031
ORD1925,2023-08-17,Home Decor,47.76,2,1005
ORD1926,2024-11-06,Books,38.69,3,1047
ORD1927,2023-08-15,Electronics,173.78,3,1037
ORD1928,2024-10-20,Clothing,394.6,4,1016
ORD1929,2024-06-15,Books,356.76,1,1073
ORD1930,2024-03-16,Electronics,396.42,1,1026
ORD1931,2024-02-06,Books,263.46,4,1053
ORD1932,2023-02-16,Clothing,225.7,4,1049
ORD1933,2023-08-21,Electronics,82.25,1,1034
ORD1934,2023-11-01,Clothing,170.81,2,1084
ORD1935,2024-06-09,Clothing,222.67,2,1024
ORD1936,2023-05-23,Electronics,53.41,4,1027
ORD1937,2024-02-19,Electronics,118.1,2,1014
ORD1938,2024-05-27,Electronics,303.13,1,1003
ORD1939,2024-01-08,Home Decor,370.47,3,1092
ORD1940,2024-07-19,Electronics,499.19,3,1072
ORD1941,2025-06-04,Electronics,467.23,2,1026
ORD1942,2023-09-16,Electronics,324.86,4,1025
ORD1943,2024-10-17,Electronics,216.41,4,1018
ORD1944,2024-04-15,Books,321.73,4,1091
ORD1945,2025-08-10,Home Decor,394.97,4,1016
ORD1946,2025-08-28,Clothing,67.98,4,1042
ORD1947,2023-01-12,Electronics,210.85,2,1040
ORD1948,2023-11-26,Books,421.5,3,1041
ORD1949,2025-01-05,Books,198.08,3,1049
ORD1950,2025-02-22,Books,290.22,2,1083
ORD1951,2025-08-25,Clothing,298.01,4,1039
ORD1952,2023-12-24,Electronics,100.39,2,1038
ORD1953,2025-08-29,Home Decor,187.5,3,1022
ORD1954,2024-02-12,Home Decor,173.91,1,1095
ORD1955,2024-10-29,Books,22.84,2,1051
ORD1956,2024-01-08,Clothing,21.85,4,1046
ORD1957,2023-01-08,Clothing,417.53,3,1062
ORD1958,2023-05-02,Clothing,143.8,3,1096
ORD1959,2023-12-14,Home Decor,263.86,3,1068
ORD1960,2024-11-06,Books,156.38,3,1042
ORD1961,2023-03-31,Electronics,470.93,4,1047
ORD1962,2024-10-09,Home Decor,137.06,1,1033
ORD1963,2024-11-28,Books,220.53,3,1039
ORD1964,2023-11-12,Books,437.64,2,1074
ORD1965,2023-06-27,Electronics,422.55,1,1060
ORD1966,2024-06-23,Electronics,101.19,3,1049
ORD1967,2025-01-01,Electronics,403.3,1,1066
ORD1968,2025-05-18,Clothing,234.51,2,1061
ORD1969,2023-02-10,Electronics,246.65,3,1057
ORD1970,2025-01-09,Books,75.41,2,1032
ORD1971,2024-12-04,Electronics,49.49,4,1074
ORD1972,2025-07-11,Books,366.69,3,1015
ORD1973,2024-05-16,Home Decor,253.27,3,1081
ORD1974,2025-08-16,Clothing,224.06,3,1093
ORD1975,2023-05-25,Home Decor,367.46,3,1047
ORD1976,2023-07-20,Home Decor,385.1,4,1009
ORD1977,2025-07-17,Books,87.87,3,1081
ORD1978,2024-12-24,Home Decor,309.01,1,1037
ORD1979,2024-04-05,Books,76.32,3,1018
ORD1980,2025-01-01,Electronics,378.17,4,1035
ORD1981,2025-01-21,Electronics,331.91,3,1058
ORD1982,2025-07-13,Books,478.74,1,1062
ORD1983,2025-06-27,Electronics,43.79,4,1076
ORD1984,2024-07-11,Clothing,37.96,4,1045
ORD1985,2024-06-30,Home Decor,148.27,1,1002
ORD1986,2023-09-10,Clothing,138.24,1,1073
ORD1987,2024-01-25,Home Decor,131.02,1,1064
ORD1988,2024-08-16,Electronics,454.06,1,1090
ORD1989,2025-06-01,Clothing,132.28,1,1007
ORD1990,2023-09-13,Electronics,143.26,4,1050
ORD1991,2024-12-09,Home Decor,382.11,4,1080
ORD1992,2025-03-25,Books,230.37,3,1072
ORD1993,2025-07-09,Books,390.59,3,1005
ORD1994,2024-03-25,Clothing,42.03,2,1088
ORD1995,2023-01-10,Electronics,248.91,3,1038
ORD1996,2025-04-03,Electronics,26.47,3,1059
ORD1997,2025-03-08,Clothing,40.7,1,1027
ORD1998,2023-08-30,Books,454.15,1,1096
ORD1999,2023-09-08,Home Decor,78.23,3,1053
